"pick","name","pos","org","PA","OBP","SLG","OPS"
338,"Anthony Potestio","SS","New York Yankees",80,0.512,0.684,1.197
24,"Ace Reese","3B","Seattle Mariners",100,0.53,0.667,1.197
17,"Logan Hughes","OF","Houston Astros",97,0.443,0.605,1.048
81,"Gavin Grahovac","1B","Los Angeles Angels",107,0.402,0.641,1.043
578,"Tyce Armstrong","1B","New York Yankees",86,0.407,0.634,1.041
252,"Jake Bennett","C","Toronto Blue Jays",85,0.388,0.639,1.027
8,"Drew Burress","OF","Athletics",137,0.431,0.591,1.022
508,"Tanner Mally","OF","San Francisco Giants",107,0.523,0.494,1.017
270,"Ryan Tayman","C","New York Mets",95,0.432,0.579,1.011
37,"Daniel Jackson","C","Colorado Rockies",98,0.408,0.593,1.001
162,"Hayden Yost","OF","Seattle Mariners",114,0.404,0.596,0.999
377,"Isaiah Lane","SS","Minnesota Twins",93,0.43,0.548,0.978
67,"Owen Hull","OF","Boston Red Sox",117,0.436,0.531,0.967
347,"Colby Turner","2B","Minnesota Twins",110,0.436,0.505,0.942
18,"Justin Lebron","SS","Cincinnati Reds",104,0.346,0.594,0.94
43,"Carson Tinney","C","Minnesota Twins",105,0.4,0.532,0.932
403,"Caleb Johnson","SS","Los Angeles Dodgers",96,0.375,0.537,0.912
141,"Jaxon Willits","SS","Los Angeles Angels",119,0.437,0.474,0.911
172,"Alex Sosa","C","Athletics",77,0.403,0.5,0.903
453,"Alejandro Garza","3B","Cleveland Guardians",84,0.405,0.472,0.877
361,"Owen Nowak","OF","Houston Astros",93,0.424,0.447,0.871
62,"Caden Sorrell","OF","Chicago Cubs",95,0.347,0.523,0.87
267,"Kaden Carpenter","RF","Texas Rangers",135,0.393,0.476,0.869
195,"Clay Burdette","OF","Chicago White Sox",126,0.381,0.481,0.862
3,"Vahn Lackey","C","Minnesota Twins",124,0.435,0.424,0.859
375,"Grayson Fitzwater","1B","Chicago White Sox",126,0.365,0.486,0.851
15,"Ryder Helfrick","C","Arizona Diamondbacks",110,0.327,0.521,0.849
611,"Carsten Sabathia III","1B","Milwaukee Brewers",84,0.381,0.466,0.847
53,"Carson Kerce","SS","Arizona Diamondbacks",115,0.417,0.421,0.838
92,"Aiden Robbins","OF","New York Mets",111,0.378,0.458,0.837
66,"Sawyer Strosnider","OF","Milwaukee Brewers",103,0.388,0.448,0.837
241,"Aaron Piasecki","SS","Houston Astros",86,0.419,0.417,0.835
46,"Ty Head","OF","Baltimore Orioles",83,0.395,0.437,0.832
554,"Cort MacDonald","OF","Colorado Rockies",84,0.354,0.466,0.819
65,"Jake Brown","OF","Seattle Mariners",109,0.358,0.444,0.802
20,"Jake Schaffner","SS","Boston Red Sox",116,0.362,0.435,0.797
428,"Diego Castellanos","OF","New York Yankees",80,0.375,0.42,0.795
534,"Gabe Camacho","OF","St. Louis Cardinals",89,0.371,0.423,0.794
26,"Carter Beck","OF","Atlanta Braves",135,0.4,0.389,0.789
184,"Deiten Lachance","C","Cleveland Guardians",75,0.333,0.453,0.786
186,"Nu'u Contrades","SS","San Diego Padres",98,0.357,0.429,0.786
121,"Kam Durnin","SS","Houston Astros",91,0.385,0.4,0.785
608,"Dean Toigo","OF","New York Yankees",90,0.378,0.4,0.778
330,"Kuhio Aloy","OF","New York Mets",93,0.355,0.421,0.776
161,"Will Gasparino","OF","Philadelphia Phillies",93,0.387,0.382,0.769
427,"Corey Nunez","3B","Chicago Cubs",108,0.389,0.37,0.758
51,"Chris Rembert","2B","Pittsburgh Pirates",82,0.415,0.343,0.758
134,"Alex Conover","OF","San Diego Padres",87,0.356,0.395,0.751
111,"Roman Martin","SS","Athletics",122,0.41,0.337,0.747
442,"Caleb Klein","OF","Atlanta Braves",106,0.425,0.322,0.746
555,"Jake Berkland","SS","Chicago White Sox",75,0.466,0.28,0.746
64,"Caden Bogenpohl","OF","Philadelphia Phillies",80,0.325,0.417,0.742
262,"Parker Brosius","OF","Atlanta Braves",112,0.36,0.379,0.74
14,"Jacob Lombard","SS","Miami Marlins",99,0.343,0.39,0.734
6,"Zion Rose","CF","Kansas City Royals",90,0.389,0.338,0.727
220,"Ryan Wynn","SS","Seattle Mariners",97,0.361,0.366,0.727
193,"Gable Mitchell","SS","Toronto Blue Jays",109,0.367,0.36,0.727
190,"Macon Winslow","C","Philadelphia Phillies",85,0.329,0.392,0.721
7,"Eric Booth Jr.","OF","Baltimore Orioles",82,0.39,0.328,0.719
68,"Andrew Williamson","OF","St. Louis Cardinals",88,0.295,0.419,0.714
317,"Aidan Teel","OF","Minnesota Twins",77,0.364,0.349,0.713
86,"Caden Ferraro","OF","St. Louis Cardinals",85,0.306,0.405,0.711
269,"Camden Johnson","SS","Kansas City Royals",84,0.333,0.343,0.677
58,"Eric Becker","SS","Cincinnati Reds",95,0.298,0.373,0.671
70,"Mulivai Levu","1B","Cincinnati Reds",91,0.319,0.346,0.665
102,"Kyle Jones","OF","Milwaukee Brewers",105,0.324,0.304,0.628
103,"Ryan Cooney","SS","Toronto Blue Jays",90,0.311,0.307,0.618
312,"Bryce Chance","OF","Toronto Blue Jays",103,0.324,0.281,0.604
142,"Jimmy Anderson","SS","Baltimore Orioles",91,0.33,0.263,0.593
437,"Charlie Scholvin","SS","Minnesota Twins",78,0.359,0.2,0.559
334,"Wills Maginnis","SS","Boston Red Sox",81,0.358,0.2,0.558
88,"Brayden Dowd","OF","Arizona Diamondbacks",107,0.28,0.253,0.533
237,"Kolby Branch","SS","Texas Rangers",95,0.28,0.25,0.53
160,"Bear Harrison","C","New York Yankees",89,0.281,0.216,0.497
114,"Dee Kennedy","SS","St. Louis Cardinals",92,0.283,0.208,0.49
143,"Alex Hernandez","3B","Athletics",77,0.208,0.26,0.468
